lambda_1,p_naive,p_stable
2.0,0.2927056492148602,0.29270564921486025
2.25,0.226415630839053,0.22641563083905308
2.5,0.17477565550010082,0.17477565550010082
2.75,0.13478571605892725,0.13478571605892734
3.0,0.1039170483679376,0.10391704836793762
3.25,0.08012716171541778,0.08012716171541781
3.5,0.06180424447636397,0.061804244476363804
3.75,0.04769277367404664,0.04769277367404642
4.0,0.03682181823033817,0.03682181823033818
4.25,0.028443458905543884,0.028443458905546514
4.5,0.021982679175385798,0.021982679175384153
4.75,0.016997730602516643,0.016997730602541096
5.0,0.013149268948424199,0.013149268948372567
5.25,0.010176527780850545,0.010176527780837302
5.5,0.007879011063771231,0.007879011063663352
5.75,0.00610245925960172,0.00610245926080646
6.0,0.00472810143692414,0.004728101432038376
6.25,0.0036644246896794653,0.0036644246746734563
6.5,0.002840868743554382,0.0028408687655751552
6.75,0.0022029926130675242,0.0022029923840732567
7.0,0.0017087653837582653,0.0017087644012198286
7.25,0.0013257160934723555,0.0013257158438335858
7.5,0.0010287326764544474,0.0010287508307423637
7.75,0.0007983759140612825,0.0007984625321087899
8.0,0.0006203188436377799,0.0006198365546306638
8.25,0.00048326207056175423,0.00048125183341686593
8.5,0.00037003982243358945,0.0003737102001705943
8.75,0.0002875663098270341,0.0002902418818084312
9.0,0.00022327705885307584,0.00022544646552825852
9.25,0.00017294250063167166,0.00017513825601603997
9.5,0.00013632418291534002,0.00013607213776788916
9.75,0.00010591296269380289,0.00010573156349408824
10.0,8.229532927987447e-05,8.216451539564112e-05
10.25,6.395104484195641e-05,6.385653167412856e-05
10.5,4.970079465093548e-05,4.963238581148572e-05
10.75,3.862952573014438e-05,3.8579926197740964e-05
11.0,3.00270833357952e-05,2.999106241453853e-05
11.25,2.334222490217108e-05,2.3316024224500662e-05
11.5,1.814698469386678e-05,1.8127898413091864e-05
11.75,1.4109050801117228e-05,1.4095127134823622e-05
12.0,1.0970346883188665e-05,1.0960175417353366e-05
12.25,8.530420620081764e-06,8.522980382434645e-06
12.5,6.63355707723138e-06,6.628107779800105e-06
12.75,5.158779534259964e-06,5.154783556099229e-06
13.0,4.012089229989109e-06,4.009155539736554e-06
13.25,3.1204415877162684e-06,3.118285359242961e-06
13.5,2.427069552081457e-06,2.425483028525126e-06
13.75,1.8878522017806928e-06,1.8866836382080258e-06
14.0,1.4684945933835208e-06,1.4676330126336194e-06
14.25,1.142337311449209e-06,1.141701450645423e-06
14.5,8.886549020592952e-07,8.881851854269578e-07
14.75,6.913339192986758e-07,6.909866201105271e-07
15.0,5.378457804323865e-07,5.37588769047001e-07
15.25,4.1844860167655703e-07,4.1825824452991765e-07
15.5,3.255669078315909e-07,3.2542580286270553e-07
15.75,2.5330953202603793e-07,2.5320485283446916e-07
16.0,1.9709488714983888e-07,1.9701717077941069e-07
16.25,1.5335967214011158e-07,1.5330193059239723e-07
16.5,1.193324189038e-07,1.1928948718995658e-07
16.75,9.285743412793847e-08,9.282549136341403e-08
17.0,7.225791191551502e-08,7.223412915666405e-08
17.25,5.622949547410924e-08,5.621177649058808e-08
17.5,4.375750985975026e-08,4.374430012898099e-08
17.75,3.405259787759752e-08,3.4042743712877285e-08
18.0,2.6500664550208967e-08,2.649330910801459e-08
18.25,2.0623947289524834e-08,2.0618453732794297e-08
18.5,1.60507374373572e-08,1.6046632114347714e-08
18.75,1.2491829507471862e-08,1.2488759897060192e-08
19.0,9.722202477985004e-09,9.719906038689213e-09
19.25,7.566770191328461e-09,7.565051268838892e-09
19.5,5.889296562181227e-09,5.888009257650031e-09
19.75,4.583772373762832e-09,4.582807824806827e-09
20.0,3.5677067813765568e-09,3.566983712392367e-09
20.25,2.7769082020386904e-09,2.7763658985695515e-09
20.5,2.1614237928237765e-09,2.1610168746096926e-09
20.75,1.6823802254819502e-09,1.6820747551304753e-09
21.0,1.3095256278982713e-09,1.3092962120301222e-09
21.25,1.019317019534363e-09,1.0191446479272348e-09
21.5,7.934321442381748e-10,7.933025781072105e-10
21.75,6.176114968353561e-10,6.175140659882885e-10
22.0,4.807572579352911e-10,4.80683962557572e-10
22.25,3.7423212258217435e-10,3.7417696212608454e-10
22.5,2.9131366552411946e-10,2.912721370068134e-10
22.75,2.267697320638914e-10,2.267384548103488e-10
23.0,1.7652800323746347e-10,1.7650443805452594e-10
23.25,1.374188431515234e-10,1.3740108206336465e-10
23.5,1.0697517245545577e-10,1.0696178119324477e-10
23.75,8.327671893834127e-11,8.326661889134412e-11
24.0,6.482880265695768e-11,6.482118235710139e-11
24.25,5.046799657733691e-11,5.046224529801607e-11
24.5,3.928870272584974e-11,3.9284360647718934e-11
24.75,3.0586005861475083e-11,3.058272665537746e-11
25.0,2.381119537761036e-11,2.3808718098644037e-11
25.25,1.8537146618260447e-11,1.8535274585082716e-11
25.5,1.4431375695648167e-11,1.4429960612455823e-11
25.75,1.1235066627319238e-11,1.1233996642376874e-11
26.0,8.746746827636771e-12,8.745937548856106e-12
26.25,6.8095805440434535e-12,6.8089682767837666e-12
26.5,5.301478282019619e-12,5.3010149375472336e-12
26.75,4.127398055341726e-12,4.127047315793187e-12
27.0,3.213352666912313e-12,3.213087095640866e-12
27.25,2.5017449139204188e-12,2.5015437774106842e-12
27.5,1.947736423468212e-12,1.9475840490333037e-12
27.75,1.5164210558120886e-12,1.5163055928583273e-12
28.0,1.1806245823373534e-12,1.1805370677183116e-12
28.25,9.191918607777107e-13,9.19125513360659e-13
28.5,7.156534863451625e-13,7.156031744082265e-13
28.75,5.571878363201306e-13,5.571496753117891e-13
29.0,4.3381305860495447e-13,4.3378410726544805e-13
29.25,3.3775805798988723e-13,3.377360887123756e-13
29.5,2.6297282284899604e-13,2.629561480925349e-13
29.75,2.0474722214553064e-13,2.0473456318053782e-13
30.0,1.5941424250175432e-13,1.5940463013625828e-13
30.25,1.241189592684114e-13,1.2411165874204536e-13
30.5,9.663867993347314e-14,9.663313408020237e-14
30.75,7.524292429774757e-14,7.52387105221971e-14
31.0,5.858441712302761e-14,5.858121482461598e-14
31.25,4.5614223828094206e-14,4.561178972948012e-14
31.5,3.551568156399688e-14,3.5513831021215275e-14
31.75,2.7652962612856004e-14,2.7651555453319722e-14
32.0,2.1531029226156717e-14,2.1529959014974182e-14
32.25,1.6764456897183516e-14,1.676364279993617e-14
32.5,1.3053161910720119e-14,1.305254252314077e-14
32.75,1.0163504064704591e-14,1.0163032732755257e-14
33.0,7.913574139618906e-15,7.913215409158918e-15
33.25,6.161739351604976e-15,6.1614662743991035e-15
33.5,4.797725284008612e-15,4.797517373075952e-15
33.75,3.7356725865558015e-15,3.73551426400912e-15
34.0,2.9087311327556044e-15,2.9086105512561427e-15
34.25,2.2648511743560397e-15,2.2647593220637144e-15
34.5,1.7635064299082018e-15,1.7634364505938468e-15
34.75,1.373142743870763e-15,1.3730894203633013e-15
35.0,1.0691916518935853e-15,1.069151013542388e-15
35.25,8.325237663322628e-16,8.324927906545833e-16
35.5,6.48244595241122e-16,6.482209811104491e-16
35.75,5.047569731360006e-16,5.047389683242098e-16
36.0,3.930310712524058e-16,3.9301734127684495e-16
36.25,3.060360264891375e-16,3.0602555485153685e-16
36.5,2.382974051116848e-16,2.382894174028809e-16
36.75,1.855526406200252e-16,1.855465467699862e-16
37.0,1.444827540178394e-16,1.4447810434516023e-16
37.25,1.1250346758541475e-16,1.1249991934329008e-16
37.5,8.760256264197151e-17,8.759985454908238e-17
37.75,6.821324318207288e-17,6.821117602958783e-17
38.0,5.311553402964801e-17,5.31139559130275e-17
38.25,4.1359358747910585e-17,4.1358302090375796e-17
38.5,3.225369424400763e-17,3.2204582714745687e-17
38.75,0.0,2.5076883174291403e-17
39.0,0.0,1.952676615754727e-17
39.25,0.0,1.52050539583972e-17
39.5,0.0,1.1839857113787877e-17
39.75,,9.219466621011356e-18
40.0,,7.179033094024261e-18
40.25,,5.590194561225052e-18
40.5,,4.3530001842527786e-18
40.75,,3.3896216709582152e-18
41.0,,2.6394566612642978e-18
41.25,,2.0553159640076596e-18
41.5,,1.600454729938161e-18
41.75,,1.2462607539823917e-18
42.0,,9.7045445132505e-19
42.25,,7.556872494468602e-19
42.5,,5.884502084397882e-19
42.75,,4.582242025000577e-19
43.0,,3.568181950004031e-19
43.25,,2.7785397451936164e-19
43.5,,2.1636493443823357e-19
43.75,,1.6848365412827866e-19
44.0,,1.31198626873828e-19
44.25,,1.0216483009593787e-19
44.5,,7.955622090557226e-20
44.75,,6.195087768126327e-20
45.0,,4.824156220318317e-20
45.25,,3.756607611177471e-20
45.5,,2.925303072321022e-20
45.75,,2.277961887286512e-20
46.0,,1.773873248149424e-20
46.25,,1.381335745037467e-20
46.5,,1.0756635278592447e-20
46.75,,8.376337261017934e-21
47.0,,6.522774694507159e-21
47.25,,5.079384655187448e-21
47.5,,3.9553992089403115e-21
47.75,,3.0801369675972113e-21
48.0,,2.398557949433886e-21
48.25,,1.8678021636743973e-21
48.5,,1.4544942135296787e-21
48.75,,1.132644393117635e-21
49.0,,8.820142711938242e-22
49.25,,6.868439690196983e-22
49.5,,5.348610885276266e-22
49.75,,4.1650896117644715e-22
50.0,,3.2434568178023016e-22
50.25,,2.52576132746131e-22
50.5,,1.9668756821224662e-22
50.75,,1.5316584060212798e-22
51.0,,1.1927442376554733e-22
51.25,,9.28823361517053e-23
51.5,,7.233014274502762e-23
51.75,,5.632560921181349e-23
52.0,,4.386244647118394e-23
52.25,,3.415703599406933e-23
52.5,,2.6599156880803337e-23
52.75,,2.0713616281224256e-23
53.0,,1.6130370380867863e-23
53.25,,1.2561257102524679e-23
53.5,,9.781877443551146e-24
53.75,,7.617486132928139e-24
54.0,,5.93200440912534e-24
54.25,,4.619464045727773e-24
54.5,,3.597344632446831e-24
54.75,,2.801385169026237e-24
55.0,,2.18154373502022e-24
55.25,,1.698851189343434e-24
55.5,,1.3229610694901264e-24
55.75,,1.030241636567266e-24
56.0,,8.022901014620511e-25
56.25,,6.247756132920566e-25
56.5,,4.865382629456888e-25
56.75,,3.7888745192351396e-25
57.0,,2.950555120296008e-25
57.25,,2.297722229778057e-25
57.5,,1.7893347646757942e-25
57.75,,1.393432547230773e-25
58.0,,1.0851270108727527e-25
58.25,,8.450364985964863e-26
58.5,,6.580677787077511e-26
58.75,,5.124671705693325e-26
59.0,,3.990816240423715e-26
59.25,,3.107832965352865e-26
59.5,,2.4202145093704936e-26
59.75,,1.884735025286394e-26
60.0,,1.4677327654019282e-26
