lambda_2,eps,p_naive,p_stable
1.5,1.0,0.17477565550010082,0.17477565550010082
1.5,0.4641588833612779,0.5064018923316749,0.5064018923316751
1.5,0.2154434690031884,0.7496833207449421,0.7496833207449419
1.5,0.1,0.8800511392798986,0.8800511392798984
1.5,0.046415888336127795,0.9436228350077722,0.9436228350077726
1.5,0.021544346900318846,0.9736929667541809,0.9736929667541813
1.5,0.01,0.987760665142887,0.9877606651428872
1.5,0.004641588833612782,0.9943129521833718,0.9943129521833719
1.5,0.0021544346900318843,0.9973590154922558,0.9973590154922561
1.5,0.001,0.9987738868112028,0.9987738868112026
1.5,0.0004641588833612782,0.9994308291750128,0.9994308291750127
1.5,0.00021544346900318845,0.9997358015004941,0.999735801500494
1.5,0.0001,0.9998773671620609,0.9998773671620609
1.5,4.641588833612782e-05,0.9999430782849419,0.9999430782849419
1.5,2.1544346900318867e-05,0.9999735791523531,0.9999735791523526
1.5,1e-05,0.9999877365012945,0.9999877365012949
1.5,4.641588833612782e-06,0.9999943077821964,0.9999943077821961
1.5,2.1544346900318865e-06,0.999997357905261,0.999997357905261
1.5,1e-06,0.9999987736479806,0.9999987736479808
1.5,4.641588833612782e-07,0.9999994307777567,0.9999994307777568
1.5,2.1544346900318867e-07,0.9999997357904261,0.9999997357904264
1.5,1e-07,0.9999998773647765,0.9999998773647767
1.5,4.641588833612782e-08,0.9999999430777711,0.9999999430777712
1.5,2.1544346900318866e-08,0.9999999735790411,0.9999999735790414
1.5,1e-08,0.9999999877364774,0.9999999877364775
1.5,4.641588833612792e-09,0.999999994307777,0.9999999943077771
1.5,2.1544346900318866e-09,0.999999997357904,0.9999999973579041
1.5,1e-09,0.9999999987736476,0.9999999987736474
1.5,4.6415888336127913e-10,0.9999999994307774,0.9999999994307778
1.5,2.1544346900318867e-10,0.9999999997357905,0.9999999997357905
1.5,1e-10,0.9999999998773648,0.9999999998773645
1.5,4.6415888336127916e-11,0.9999999999430775,0.9999999999430775
1.5,2.1544346900318868e-11,0.999999999973579,0.9999999999735787
1.5,1e-11,0.9999999999877365,0.9999999999877365
1.5,4.641588833612792e-12,0.9999999999943078,0.9999999999943077
1.5,2.1544346900318868e-12,0.9999999999973577,0.9999999999973579
1.5,1e-12,0.9999999999987733,0.9999999999987734
1.5,4.641588833612791e-13,0.9999999999994308,0.9999999999994309
1.5,2.1544346900318868e-13,0.9999999999997357,0.999999999999736
1.5,1e-13,0.9999999999998771,0.9999999999998777
1.5,4.6415888336127915e-14,0.9999999999999428,0.9999999999999427
1.5,2.1544346900318866e-14,0.9999999999999732,0.9999999999999731
1.5,1e-14,0.9999999999999875,0.9999999999999873
1.5,4.641588833612791e-15,0.999999999999994,0.9999999999999938
1.5,2.1544346900318867e-15,0.9999999999999971,0.9999999999999973
1.5,1e-15,0.9999999999999981,0.9999999999999982
2.5,1.0,0.06180424447636397,0.061804244476363804
2.5,0.4641588833612779,0.3125324671328777,0.31253246713287736
2.5,0.2154434690031884,0.5993078972822672,0.5993078972822666
2.5,0.1,0.79323652357562,0.7932365235756204
2.5,0.046415888336127795,0.8992262735711394,0.8992262735711402
2.5,0.021544346900318846,0.9521579505272054,0.9521579505272052
2.5,0.01,0.9775605959613685,0.9775605959613674
2.5,0.004641588833612782,0.9895340139865224,0.9895340139865226
2.5,0.0021544346900318843,0.9951311998489673,0.9951311998489666
2.5,0.001,0.9977377473852919,0.9977377473852914
2.5,0.0004641588833612782,0.9989494474986631,0.9989494474986633
2.5,0.00021544346900318845,0.9995122672785036,0.9995122672785036
2.5,0.0001,0.9997735909421024,0.9997735909421014
2.5,4.641588833612782e-05,0.9998949051434888,0.9998949051434883
2.5,2.1544346900318867e-05,0.9999512181940513,0.9999512181940512
2.5,1e-05,0.9999773572555719,0.9999773572555725
2.5,4.641588833612782e-06,0.9999894901182177,0.9999894901182169
2.5,2.1544346900318865e-06,0.9999951217340592,0.9999951217340594
2.5,1e-06,0.9999977357071694,0.9999977357071697
2.5,4.641588833612782e-07,0.9999989490078598,0.9999989490078603
2.5,2.1544346900318867e-07,0.9999995121725522,0.9999995121725531
2.5,1e-07,0.9999997735705328,0.9999997735705336
2.5,4.641588833612782e-08,0.9999998949007453,0.9999998949007456
2.5,2.1544346900318866e-08,0.9999999512172464,0.9999999512172465
2.5,1e-08,0.9999999773570515,0.9999999773570514
2.5,4.641588833612792e-09,0.9999999894900742,0.9999999894900733
2.5,2.1544346900318866e-09,0.9999999951217243,0.9999999951217236
2.5,1e-09,0.9999999977357048,0.999999997735705
2.5,4.6415888336127913e-10,0.9999999989490067,0.9999999989490069
2.5,2.1544346900318867e-10,0.9999999995121711,0.999999999512172
2.5,1e-10,0.9999999997735706,0.9999999997735696
2.5,4.6415888336127916e-11,0.9999999998949011,0.9999999998949001
2.5,2.1544346900318868e-11,0.999999999951216,0.9999999999512164
2.5,1e-11,0.9999999999773569,0.9999999999773568
2.5,4.641588833612792e-12,0.9999999999894896,0.9999999999894893
2.5,2.1544346900318868e-12,0.9999999999951221,0.9999999999951221
2.5,1e-12,0.9999999999977354,0.9999999999977347
2.5,4.641588833612791e-13,0.999999999998948,0.9999999999989484
2.5,2.1544346900318868e-13,0.9999999999995121,0.9999999999995115
2.5,1e-13,0.9999999999997732,0.9999999999997731
2.5,4.6415888336127915e-14,0.9999999999998933,0.9999999999998939
2.5,2.1544346900318866e-14,0.9999999999999498,0.9999999999999503
2.5,1e-14,0.9999999999999759,0.999999999999976
2.5,4.641588833612791e-15,0.9999999999999893,0.9999999999999893
2.5,2.1544346900318867e-15,0.9999999999999938,0.9999999999999942
2.5,1e-15,0.9999999999999981,0.9999999999999973
3.5,1.0,0.021982679175385798,0.021982679175384153
3.5,0.4641588833612779,0.19323015999823395,0.19323015999823298
3.5,0.2154434690031884,0.479326120361913,0.4793261203619086
3.5,0.1,0.7150743255328702,0.7150743255328682
3.5,0.046415888336127795,0.8569468171251925,0.8569468171251885
3.5,0.021544346900318846,0.9311083035328424,0.9311083035328446
3.5,0.01,0.9674690451231923,0.9674690451232026
3.5,0.004641588833612782,0.9847792858796023,0.9847792858795945
3.5,0.0021544346900318843,0.9929088835089108,0.9929088835089214
3.5,0.001,0.9967029139927535,0.9967029139927526
3.5,0.0004641588833612782,0.9984684024415513,0.9984684024415593
3.5,0.00021544346900318845,0.9992888311168355,0.9992888311168415
3.5,0.0001,0.9996698476918896,0.9996698476918826
3.5,4.641588833612782e-05,0.9998467446012738,0.9998467446012781
3.5,2.1544346900318867e-05,0.9999288625011393,0.9999288625011475
3.5,1e-05,0.9999669803282841,0.9999669803282912
3.5,4.641588833612782e-06,0.9999846735033042,0.999984673503315
3.5,2.1544346900318865e-06,0.999992886043962,0.9999928860439714
3.5,1e-06,0.99999669798842,0.9999966979884158
3.5,4.641588833612782e-07,0.9999984673407634,0.9999984673407626
3.5,2.1544346900318867e-07,0.9999992886023367,0.9999992886023356
3.5,1e-07,0.9999996697983887,0.9999996697983983
3.5,4.641588833612782e-08,0.9999998467339732,0.9999998467339799
3.5,2.1544346900318866e-08,0.9999999288602084,0.9999999288602125
3.5,1e-08,0.999999966979841,0.9999999669798344
3.5,4.641588833612792e-09,0.999999984673394,0.999999984673397
3.5,2.1544346900318866e-09,0.9999999928860159,0.9999999928860204
3.5,1e-09,0.9999999966979709,0.9999999966979836
3.5,4.6415888336127913e-10,0.9999999984673282,0.9999999984673398
3.5,2.1544346900318867e-10,0.9999999992885902,0.999999999288602
3.5,1e-10,0.9999999996697994,0.9999999996697975
3.5,4.6415888336127916e-11,0.9999999998467313,0.999999999846735
3.5,2.1544346900318868e-11,0.9999999999288668,0.9999999999288596
3.5,1e-11,0.9999999999669709,0.9999999999669784
3.5,4.641588833612792e-12,0.9999999999846622,0.9999999999846727
3.5,2.1544346900318868e-12,0.9999999999928854,0.9999999999928857
3.5,1e-12,0.9999999999966948,0.9999999999966969
3.5,4.641588833612791e-13,0.9999999999984598,0.999999999998467
3.5,2.1544346900318868e-13,0.9999999999992821,0.9999999999992877
3.5,1e-13,0.9999999999996655,0.9999999999996705
3.5,4.6415888336127915e-14,0.9999999999998322,0.9999999999998463
3.5,2.1544346900318866e-14,0.9999999999999319,0.9999999999999281
3.5,1e-14,0.9999999999999681,0.9999999999999662
3.5,4.641588833612791e-15,0.9999999999999857,0.9999999999999849
3.5,2.1544346900318867e-15,0.9999999999999929,0.999999999999992
3.5,1e-15,0.9999999999999967,0.9999999999999973
